{"cameraMode":{"drawMode":0,"name":"Shaded","section":"Shading Mode"},"sceneLighting":false,"audioPlay":false,"sceneViewState":{"m_AlwaysRefresh":false,"showFog":true,"showSkybox":false,"showFlares":true,"showImageEffects":true,"showParticleSystems":true,"showVisualEffectGraphs":true,"m_FxEnabled":true},"in2DMode":false,"pivot":{"x":0.17249542474746705,"y":5.076206207275391,"z":-0.17319846153259278},"rotation":{"x":0.0005674042040482163,"y":0.9851032495498657,"z":-0.17195011675357819,"w":0.0032522445544600488},"size":5.939858913421631,"orthographic":false}