{"cameraMode":{"drawMode":0,"name":"Shaded","section":"Shading Mode"},"sceneLighting":false,"audioPlay":false,"sceneViewState":{"m_AlwaysRefresh":false,"showFog":true,"showSkybox":false,"showFlares":true,"showImageEffects":true,"showParticleSystems":true,"showVisualEffectGraphs":true,"m_FxEnabled":true},"in2DMode":false,"pivot":{"x":0.006630837917327881,"y":1.8478926420211793,"z":-0.01705789566040039},"rotation":{"x":0.0005674042040482163,"y":0.9851032495498657,"z":-0.17195011675357819,"w":0.0032522445544600488},"size":2.623004913330078,"orthographic":false}